<?xml version="1.0" encoding="UTF-8"?>
<project version="4">
  <component name="ChangeListManager">
    <list default="true" id="907b8055-dd4e-4a76-9cf6-1959b5b7a796" name="Default" comment="" />
    <option name="EXCLUDED_CONVERTED_TO_IGNORED" value="true" />
    <option name="TRACKING_ENABLED" value="true" />
    <option name="SHOW_DIALOG" value="false" />
    <option name="HIGHLIGHT_CONFLICTS" value="true" />
    <option name="HIGHLIGHT_NON_ACTIVE_CHANGELIST" value="false" />
    <option name="LAST_RESOLUTION" value="IGNORE" />
  </component>
  <component name="FileEditorManager">
    <leaf>
      <file leaf-file-name="ui.py" pinned="false" current-in-tab="true">
        <entry file="file://$PROJECT_DIR$/ui.py">
          <provider selected="true" editor-type-id="text-editor">
            <state relative-caret-position="68">
              <caret line="4" column="10" lean-forward="true" selection-start-line="4" selection-start-column="10" selection-end-line="4" selection-end-column="10" />
              <folding />
            </state>
          </provider>
        </entry>
      </file>
      <file leaf-file-name="cnn.py" pinned="false" current-in-tab="false">
        <entry file="file://$PROJECT_DIR$/cnn.py">
          <provider selected="true" editor-type-id="text-editor">
            <state relative-caret-position="1105">
              <caret line="69" column="9" lean-forward="true" selection-start-line="69" selection-start-column="9" selection-end-line="69" selection-end-column="9" />
              <folding />
            </state>
          </provider>
        </entry>
      </file>
    </leaf>
  </component>
  <component name="FindInProjectRecents">
    <findStrings>
      <find>Red</find>
    </findStrings>
    <replaceStrings>
      <replace>Brown</replace>
    </replaceStrings>
  </component>
  <component name="Git.Settings">
    <option name="RECENT_GIT_ROOT_PATH" value="$PROJECT_DIR$" />
  </component>
  <component name="IdeDocumentHistory">
    <option name="CHANGED_PATHS">
      <list>
        <option value="$PROJECT_DIR$/a.py" />
        <option value="$PROJECT_DIR$/cnn.py" />
        <option value="$PROJECT_DIR$/verify.py" />
        <option value="$PROJECT_DIR$/ui.py" />
      </list>
    </option>
  </component>
  <component name="ProjectFrameBounds" extendedState="6">
    <option name="x" value="247" />
    <option name="y" value="240" />
    <option name="width" value="696" />
    <option name="height" value="681" />
  </component>
  <component name="ProjectLevelVcsManager" settingsEditedManually="true" />
  <component name="ProjectView">
    <navigator currentView="ProjectPane" proportions="" version="1">
      <flattenPackages />
      <showMembers />
      <showModules />
      <showLibraryContents />
      <hideEmptyPackages />
      <abbreviatePackageNames />
      <autoscrollToSource />
      <autoscrollFromSource />
      <sortByType />
      <manualOrder />
      <foldersAlwaysOnTop value="true" />
    </navigator>
    <panes>
      <pane id="ProjectPane">
        <subPane>
          <expand>
            <path>
              <item name="plant_project" type="b2602c69:ProjectViewProjectNode" />
              <item name="plant_project" type="462c0819:PsiDirectoryNode" />
            </path>
          </expand>
          <select />
        </subPane>
      </pane>
      <pane id="Scope" />
      <pane id="Scratches" />
    </panes>
  </component>
  <component name="PropertiesComponent">
    <property name="settings.editor.selected.configurable" value="com.jetbrains.python.configuration.PyActiveSdkModuleConfigurable" />
    <property name="last_opened_file_path" value="$PROJECT_DIR$" />
  </component>
  <component name="RunDashboard">
    <option name="ruleStates">
      <list>
        <RuleState>
          <option name="name" value="ConfigurationTypeDashboardGroupingRule" />
        </RuleState>
        <RuleState>
          <option name="name" value="StatusDashboardGroupingRule" />
        </RuleState>
      </list>
    </option>
  </component>
  <component name="RunManager" selected="Python.ui">
    <configuration name="cnn" type="PythonConfigurationType" factoryName="Python" temporary="true">
      <option name="INTERPRETER_OPTIONS" value="" />
      <option name="PARENT_ENVS" value="true" />
      <envs>
        <env name="PYTHONUNBUFFERED" value="1" />
      </envs>
      <option name="SDK_HOME" value="C:\Users\sagpa\venv\Scripts\python.exe" />
      <option name="WORKING_DIRECTORY" value="$PROJECT_DIR$" />
      <option name="IS_MODULE_SDK" value="false" />
      <option name="ADD_CONTENT_ROOTS" value="true" />
      <option name="ADD_SOURCE_ROOTS" value="true" />
      <module name="plant_project" />
      <option name="SCRIPT_NAME" value="$PROJECT_DIR$/cnn.py" />
      <option name="PARAMETERS" value="" />
      <option name="SHOW_COMMAND_LINE" value="false" />
      <option name="EMULATE_TERMINAL" value="false" />
      <option name="MODULE_MODE" value="false" />
    </configuration>
    <configuration name="ui" type="PythonConfigurationType" factoryName="Python" temporary="true">
      <option name="INTERPRETER_OPTIONS" value="" />
      <option name="PARENT_ENVS" value="true" />
      <envs>
        <env name="PYTHONUNBUFFERED" value="1" />
      </envs>
      <option name="SDK_HOME" value="C:\Users\sagpa\venv\Scripts\python.exe" />
      <option name="WORKING_DIRECTORY" value="$PROJECT_DIR$" />
      <option name="IS_MODULE_SDK" value="false" />
      <option name="ADD_CONTENT_ROOTS" value="true" />
      <option name="ADD_SOURCE_ROOTS" value="true" />
      <module name="plant_project" />
      <option name="SCRIPT_NAME" value="$PROJECT_DIR$/ui.py" />
      <option name="PARAMETERS" value="" />
      <option name="SHOW_COMMAND_LINE" value="false" />
      <option name="EMULATE_TERMINAL" value="false" />
      <option name="MODULE_MODE" value="false" />
    </configuration>
    <configuration name="verify" type="PythonConfigurationType" factoryName="Python" temporary="true">
      <option name="INTERPRETER_OPTIONS" value="" />
      <option name="PARENT_ENVS" value="true" />
      <envs>
        <env name="PYTHONUNBUFFERED" value="1" />
      </envs>
      <option name="SDK_HOME" value="" />
      <option name="WORKING_DIRECTORY" value="$PROJECT_DIR$" />
      <option name="IS_MODULE_SDK" value="true" />
      <option name="ADD_CONTENT_ROOTS" value="true" />
      <option name="ADD_SOURCE_ROOTS" value="true" />
      <module name="plant_project" />
      <option name="SCRIPT_NAME" value="$PROJECT_DIR$/verify.py" />
      <option name="PARAMETERS" value="" />
      <option name="SHOW_COMMAND_LINE" value="false" />
      <option name="EMULATE_TERMINAL" value="false" />
      <option name="MODULE_MODE" value="false" />
    </configuration>
    <list size="3">
      <item index="0" class="java.lang.String" itemvalue="Python.cnn" />
      <item index="1" class="java.lang.String" itemvalue="Python.verify" />
      <item index="2" class="java.lang.String" itemvalue="Python.ui" />
    </list>
    <recent_temporary>
      <list size="3">
        <item index="0" class="java.lang.String" itemvalue="Python.ui" />
        <item index="1" class="java.lang.String" itemvalue="Python.cnn" />
        <item index="2" class="java.lang.String" itemvalue="Python.verify" />
      </list>
    </recent_temporary>
  </component>
  <component name="ShelveChangesManager" show_recycled="false">
    <option name="remove_strategy" value="false" />
  </component>
  <component name="SvnConfiguration">
    <configuration />
  </component>
  <component name="TaskManager">
    <task active="true" id="Default" summary="Default task">
      <changelist id="907b8055-dd4e-4a76-9cf6-1959b5b7a796" name="Default" comment="" />
      <created>1517041232247</created>
      <option name="number" value="Default" />
      <option name="presentableId" value="Default" />
      <updated>1517041232247</updated>
    </task>
    <servers />
  </component>
  <component name="ToolWindowManager">
    <frame x="-8" y="-8" width="1382" height="744" extended-state="6" />
    <layout>
      <window_info id="Project" active="false" anchor="left" auto_hide="false" internal_type="DOCKED" type="DOCKED" visible="true" show_stripe_button="true" weight="0.15300146" sideWeight="0.5" order="0" side_tool="false" content_ui="combo" />
      <window_info id="TODO" active="false" anchor="bottom" auto_hide="false" internal_type="DOCKED" type="DOCKED" visible="false" show_stripe_button="true" weight="0.33" sideWeight="0.5" order="6" side_tool="false" content_ui="tabs" />
      <window_info id="Event Log" active="false" anchor="bottom" auto_hide="false" internal_type="DOCKED" type="DOCKED" visible="false" show_stripe_button="true" weight="0.33" sideWeight="0.5" order="7" side_tool="true" content_ui="tabs" />
      <window_info id="Run" active="false" anchor="bottom" auto_hide="false" internal_type="DOCKED" type="DOCKED" visible="false" show_stripe_button="true" weight="0.14263074" sideWeight="0.5" order="2" side_tool="false" content_ui="tabs" />
      <window_info id="Version Control" active="false" anchor="bottom" auto_hide="false" internal_type="DOCKED" type="DOCKED" visible="false" show_stripe_button="true" weight="0.33" sideWeight="0.5" order="7" side_tool="false" content_ui="tabs" />
      <window_info id="Python Console" active="false" anchor="bottom" auto_hide="false" internal_type="DOCKED" type="DOCKED" visible="false" show_stripe_button="true" weight="0.33" sideWeight="0.5" order="7" side_tool="false" content_ui="tabs" />
      <window_info id="Structure" active="false" anchor="left" auto_hide="false" internal_type="DOCKED" type="DOCKED" visible="false" show_stripe_button="true" weight="0.25" sideWeight="0.5" order="1" side_tool="false" content_ui="tabs" />
      <window_info id="Terminal" active="false" anchor="bottom" auto_hide="false" internal_type="DOCKED" type="DOCKED" visible="false" show_stripe_button="true" weight="0.33" sideWeight="0.5" order="7" side_tool="false" content_ui="tabs" />
      <window_info id="Debug" active="false" anchor="bottom" auto_hide="false" internal_type="DOCKED" type="DOCKED" visible="false" show_stripe_button="true" weight="0.4" sideWeight="0.5" order="3" side_tool="false" content_ui="tabs" />
      <window_info id="Favorites" active="false" anchor="left" auto_hide="false" internal_type="DOCKED" type="DOCKED" visible="false" show_stripe_button="true" weight="0.33" sideWeight="0.5" order="2" side_tool="true" content_ui="tabs" />
      <window_info id="Cvs" active="false" anchor="bottom" auto_hide="false" internal_type="DOCKED" type="DOCKED" visible="false" show_stripe_button="true" weight="0.25" sideWeight="0.5" order="4" side_tool="false" content_ui="tabs" />
      <window_info id="Message" active="false" anchor="bottom" auto_hide="false" internal_type="DOCKED" type="DOCKED" visible="false" show_stripe_button="true" weight="0.33" sideWeight="0.5" order="0" side_tool="false" content_ui="tabs" />
      <window_info id="Commander" active="false" anchor="right" auto_hide="false" internal_type="DOCKED" type="DOCKED" visible="false" show_stripe_button="true" weight="0.4" sideWeight="0.5" order="0" side_tool="false" content_ui="tabs" />
      <window_info id="Inspection" active="false" anchor="bottom" auto_hide="false" internal_type="DOCKED" type="DOCKED" visible="false" show_stripe_button="true" weight="0.4" sideWeight="0.5" order="5" side_tool="false" content_ui="tabs" />
      <window_info id="Hierarchy" active="false" anchor="right" auto_hide="false" internal_type="DOCKED" type="DOCKED" visible="false" show_stripe_button="true" weight="0.25" sideWeight="0.5" order="2" side_tool="false" content_ui="combo" />
      <window_info id="Find" active="false" anchor="bottom" auto_hide="false" internal_type="DOCKED" type="DOCKED" visible="false" show_stripe_button="true" weight="0.33" sideWeight="0.5" order="1" side_tool="false" content_ui="tabs" />
      <window_info id="Ant Build" active="false" anchor="right" auto_hide="false" internal_type="DOCKED" type="DOCKED" visible="false" show_stripe_button="true" weight="0.25" sideWeight="0.5" order="1" side_tool="false" content_ui="tabs" />
    </layout>
  </component>
  <component name="VcsContentAnnotationSettings">
    <option name="myLimit" value="2678400000" />
  </component>
  <component name="XDebuggerManager">
    <breakpoint-manager>
      <breakpoints>
        <line-breakpoint enabled="true" suspend="THREAD" type="python-line">
          <url>file://$PROJECT_DIR$/ui.py</url>
        </line-breakpoint>
      </breakpoints>
      <option name="time" value="1" />
    </breakpoint-manager>
    <watches-manager />
  </component>
  <component name="editorHistoryManager">
    <entry file="file://$PROJECT_DIR$/verify.py">
      <provider selected="true" editor-type-id="text-editor">
        <state relative-caret-position="102">
          <caret line="6" column="58" lean-forward="false" selection-start-line="6" selection-start-column="58" selection-end-line="6" selection-end-column="58" />
        </state>
      </provider>
    </entry>
    <entry file="file://$PROJECT_DIR$/cnn.py">
      <provider selected="true" editor-type-id="text-editor">
        <state relative-caret-position="1547">
          <caret line="91" column="0" lean-forward="false" selection-start-line="91" selection-start-column="0" selection-end-line="91" selection-end-column="0" />
          <folding />
        </state>
      </provider>
    </entry>
    <entry file="file://$PROJECT_DIR$/ui.py">
      <provider selected="true" editor-type-id="text-editor">
        <state relative-caret-position="1241">
          <caret line="73" column="25" lean-forward="false" selection-start-line="73" selection-start-column="25" selection-end-line="73" selection-end-column="25" />
          <folding />
        </state>
      </provider>
    </entry>
    <entry file="file://$PROJECT_DIR$/verify.py">
      <provider selected="true" editor-type-id="text-editor">
        <state relative-caret-position="102">
          <caret line="6" column="58" lean-forward="false" selection-start-line="6" selection-start-column="58" selection-end-line="6" selection-end-column="58" />
        </state>
      </provider>
    </entry>
    <entry file="file://$PROJECT_DIR$/cnn.py">
      <provider selected="true" editor-type-id="text-editor">
        <state relative-caret-position="136">
          <caret line="8" column="9" lean-forward="false" selection-start-line="8" selection-start-column="9" selection-end-line="8" selection-end-column="9" />
          <folding />
        </state>
      </provider>
    </entry>
    <entry file="file://$PROJECT_DIR$/ui.py">
      <provider selected="true" editor-type-id="text-editor">
        <state relative-caret-position="1241">
          <caret line="73" column="25" lean-forward="false" selection-start-line="73" selection-start-column="25" selection-end-line="73" selection-end-column="25" />
          <folding />
        </state>
      </provider>
    </entry>
    <entry file="file://$PROJECT_DIR$/verify.py">
      <provider selected="true" editor-type-id="text-editor">
        <state relative-caret-position="102">
          <caret line="6" column="58" lean-forward="false" selection-start-line="6" selection-start-column="58" selection-end-line="6" selection-end-column="58" />
        </state>
      </provider>
    </entry>
    <entry file="file://$PROJECT_DIR$/cnn.py">
      <provider selected="true" editor-type-id="text-editor">
        <state relative-caret-position="136">
          <caret line="8" column="9" lean-forward="false" selection-start-line="8" selection-start-column="9" selection-end-line="8" selection-end-column="9" />
          <folding />
        </state>
      </provider>
    </entry>
    <entry file="file://$PROJECT_DIR$/ui.py">
      <provider selected="true" editor-type-id="text-editor">
        <state relative-caret-position="1020">
          <caret line="60" column="20" lean-forward="true" selection-start-line="60" selection-start-column="20" selection-end-line="60" selection-end-column="20" />
          <folding />
        </state>
      </provider>
    </entry>
    <entry file="file://$PROJECT_DIR$/verify.py">
      <provider selected="true" editor-type-id="text-editor">
        <state relative-caret-position="34">
          <caret line="6" column="58" lean-forward="false" selection-start-line="6" selection-start-column="58" selection-end-line="6" selection-end-column="58" />
        </state>
      </provider>
    </entry>
    <entry file="file://$PROJECT_DIR$/cnn.py">
      <provider selected="true" editor-type-id="text-editor">
        <state relative-caret-position="68">
          <caret line="8" column="9" lean-forward="false" selection-start-line="8" selection-start-column="9" selection-end-line="8" selection-end-column="9" />
          <folding />
        </state>
      </provider>
    </entry>
    <entry file="file://$PROJECT_DIR$/ui.py">
      <provider selected="true" editor-type-id="text-editor">
        <state relative-caret-position="663">
          <caret line="39" column="39" lean-forward="false" selection-start-line="39" selection-start-column="39" selection-end-line="39" selection-end-column="39" />
          <folding />
        </state>
      </provider>
    </entry>
    <entry file="file://$PROJECT_DIR$/verify.py">
      <provider selected="true" editor-type-id="text-editor">
        <state relative-caret-position="102">
          <caret line="6" column="58" lean-forward="false" selection-start-line="6" selection-start-column="58" selection-end-line="6" selection-end-column="58" />
        </state>
      </provider>
    </entry>
    <entry file="file://$PROJECT_DIR$/cnn.py">
      <provider selected="true" editor-type-id="text-editor">
        <state relative-caret-position="68">
          <caret line="8" column="9" lean-forward="false" selection-start-line="8" selection-start-column="9" selection-end-line="8" selection-end-column="9" />
          <folding />
        </state>
      </provider>
    </entry>
    <entry file="file://$PROJECT_DIR$/ui.py">
      <provider selected="true" editor-type-id="text-editor">
        <state relative-caret-position="2873">
          <caret line="174" column="56" lean-forward="false" selection-start-line="174" selection-start-column="56" selection-end-line="174" selection-end-column="56" />
          <folding />
        </state>
      </provider>
    </entry>
    <entry file="file://$PROJECT_DIR$/verify.py">
      <provider selected="true" editor-type-id="text-editor">
        <state relative-caret-position="34">
          <caret line="6" column="58" lean-forward="false" selection-start-line="6" selection-start-column="58" selection-end-line="6" selection-end-column="58" />
        </state>
      </provider>
    </entry>
    <entry file="file://$PROJECT_DIR$/cnn.py">
      <provider selected="true" editor-type-id="text-editor">
        <state relative-caret-position="68">
          <caret line="8" column="9" lean-forward="false" selection-start-line="8" selection-start-column="9" selection-end-line="8" selection-end-column="9" />
          <folding />
        </state>
      </provider>
    </entry>
    <entry file="file://$PROJECT_DIR$/ui.py">
      <provider selected="true" editor-type-id="text-editor">
        <state relative-caret-position="2958">
          <caret line="174" column="56" lean-forward="false" selection-start-line="174" selection-start-column="56" selection-end-line="174" selection-end-column="56" />
          <folding />
        </state>
      </provider>
    </entry>
    <entry file="file://$PROJECT_DIR$/verify.py">
      <provider selected="true" editor-type-id="text-editor">
        <state relative-caret-position="102">
          <caret line="6" column="58" lean-forward="false" selection-start-line="6" selection-start-column="58" selection-end-line="6" selection-end-column="58" />
        </state>
      </provider>
    </entry>
    <entry file="file://$PROJECT_DIR$/cnn.py">
      <provider selected="true" editor-type-id="text-editor">
        <state relative-caret-position="68">
          <caret line="8" column="9" lean-forward="true" selection-start-line="8" selection-start-column="9" selection-end-line="8" selection-end-column="9" />
          <folding />
        </state>
      </provider>
    </entry>
    <entry file="file://$PROJECT_DIR$/ui.py">
      <provider selected="true" editor-type-id="text-editor">
        <state relative-caret-position="2686">
          <caret line="158" column="84" lean-forward="false" selection-start-line="158" selection-start-column="84" selection-end-line="158" selection-end-column="84" />
          <folding />
        </state>
      </provider>
    </entry>
    <entry file="file://$PROJECT_DIR$/a.py" />
    <entry file="file://$PROJECT_DIR$/verify.py">
      <provider selected="true" editor-type-id="text-editor">
        <state relative-caret-position="17">
          <caret line="6" column="58" lean-forward="false" selection-start-line="6" selection-start-column="58" selection-end-line="6" selection-end-column="58" />
        </state>
      </provider>
    </entry>
    <entry file="file://$PROJECT_DIR$/cnn.py">
      <provider selected="true" editor-type-id="text-editor">
        <state relative-caret-position="1105">
          <caret line="69" column="9" lean-forward="true" selection-start-line="69" selection-start-column="9" selection-end-line="69" selection-end-column="9" />
          <folding />
        </state>
      </provider>
    </entry>
    <entry file="file://$PROJECT_DIR$/ui.py">
      <provider selected="true" editor-type-id="text-editor">
        <state relative-caret-position="68">
          <caret line="4" column="10" lean-forward="true" selection-start-line="4" selection-start-column="10" selection-end-line="4" selection-end-column="10" />
          <folding />
        </state>
      </provider>
    </entry>
  </component>
</project>